"UserInput (Clean)","Predicted Bot Response"
"hey","Hello! I am your railway assistant. How can I help you today?"
"hello","Hi there! How can I assist you with your railway queries?"
"hi","Hi there! How can I assist you with your railway queries?"
"good morning","Hello! I am your railway assistant. How can I help you today?"
"good evening","Hi there! How can I assist you with your railway queries?"
"hey there","Hello! I am your railway assistant. How can I help you today?"
"what's up","Hi there! How can I assist you with your railway queries?"
"greetings","Hello! I am your railway assistant. How can I help you today?"
"bye","Take care! Feel free to ask if you have more questions later."
"goodbye","Goodbye! Have a safe journey."
"see you around","Take care! Feel free to ask if you have more questions later."
"see you later","Take care! Feel free to ask if you have more questions later."
"cu","Take care! Feel free to ask if you have more questions later."
"talk to you later","Goodbye! Have a safe journey."
"exit","Goodbye! Have a safe journey."
"yes","I'm not sure how to respond to that. Could you try rephrasing? I can help with railway queries."
"indeed","I'm not sure how to respond to that. Could you try rephrasing? I can help with railway queries."
"of course","Sorry, I didn't quite understand that. I can help with train status, PNR status, finding trains, fares, booking history, ticket cancellation, and station information. How can I assist you?"
"that's right","Sorry, I didn't quite understand that. I can help with train status, PNR status, finding trains, fares, booking history, ticket cancellation, and station information. How can I assist you?"
"correct","Sorry, I didn't quite understand that. I can help with train status, PNR status, finding trains, fares, booking history, ticket cancellation, and station information. How can I assist you?"
"yup","I'm not sure how to respond to that. Could you try rephrasing? I can help with railway queries."
"sure","I'm not sure how to respond to that. Could you try rephrasing? I can help with railway queries."
"sounds good","Sorry, I didn't quite understand that. I can help with train status, PNR status, finding trains, fares, booking history, and ticket cancellations, and station information. How can I assist you?"
"no","Sure, what is the PNR number of the ticket you wish to cancel?"
"never","Sure, what is the PNR number of the ticket you wish to cancel?"
"I don't think so","Sure, what is the PNR number of the ticket you wish to cancel?"
"not really","Please provide the PNR you want to cancel."
"nope","Sure, what is the PNR number of the ticket you wish to cancel?"
"nah","Please provide the PNR you want to cancel."
"are you a bot?","I am a virtual assistant, powered by Rasa, here to help with railway information."
"are you human?","I am a virtual assistant, powered by Rasa, here to help with railway information."
"am I talking to a bot?","I am a virtual assistant, powered by Rasa, here to help with railway information."
"am I talking to a human?","I am a virtual assistant, powered by Rasa, here to help with railway information."
"what are you?","I am a virtual assistant, powered by Rasa, here to help with railway information."
"thanks","No problem at all."
"thank you","You're welcome!"
"appreciate it","Happy to help!"
"thanks a lot","No problem at all."
"much appreciated","No problem at all."
"what can you do?","I can help you with: - Checking train status by train number - Getting PNR status - Finding trains between stations - Checking train fares - Viewing your booking history (if you provide a user ID) - Cancelling a ticket (with PNR) - Getting information about railway stations."
"how can you help me?","I can help you with: - Checking train status by train number - Getting PNR status - Finding trains between stations - Checking train fares - Viewing your booking history (if you provide a user ID) - Cancelling a ticket (with PNR) - Getting information about railway stations."
"what are your features?","I can help you with: - Checking train status by train number - Getting PNR status - Finding trains between stations - Checking train fares - Viewing your booking history (if you provide a user ID) - Cancelling a ticket (with PNR) - Getting information about railway stations."
"what services do you offer?","I can help you with: - Checking train status by train number - Getting PNR status - Finding trains between stations - Checking train fares - Viewing your booking history (if you provide a user ID) - Cancelling a ticket (with PNR) - Getting information about railway stations."
"tell me your capabilities","I can help you with: - Checking train status by train number - Getting PNR status - Finding trains between stations - Checking train fares - Viewing your booking history (if you provide a user ID) - Cancelling a ticket (with PNR) - Getting information about railway stations."
"What is the status of train 10601?","Train 10601 (New Delhi to Hyderabad):\n- Scheduled Departure: 10:39:00\n- Current Status: Delayed"
"train 10602 status","Train 10602 (Bangalore to Mumbai):\n- Scheduled Departure: 21:19:00\n- Current Status: On Time"
"current status for 10805","Train 10805 (Lucknow to New Delhi):\n- Scheduled Departure: 22:10:45\n- Current Status: Delayed"
"tell me about train 10611","Train 10611 (New Delhi to Kolkata):\n- Scheduled Departure: 9:06:00\n- Current Status: Delayed"
"is train 10604 on time?","Train 10604 (Pune to Lucknow):\n- Scheduled Departure: 23:03:00\n- Current Status: Cancelled"
"how is train 10801 running?","Train 10801 (New Delhi to Bangalore):\n- Scheduled Departure: 15:20:10\n- Current Status: On Time"
"update on train 10607","Train 10607 (Hyderabad to New Delhi):\n- Scheduled Departure: 14:08:00\n- Current Status: Delayed"
"check status for train 10628","Train 10628 (Kolkata to Bangalore):\n- Scheduled Departure: 22:36:00\n- Current Status: Delayed"
"is 10615 cancelled?","Train 10615 (Mumbai to Bangalore):\n- Scheduled Departure: 16:56:00\n- Current Status: Cancelled"
"find out about train 10830","Train 10830 (Kolkata to Bangalore):\n- Scheduled Departure: 17:00:00\n- Current Status: Cancelled"
"what's the operational status of 10855","Train 10855 (New Delhi to Kolkata):\n- Scheduled Departure: 20:30:00\n- Current Status: Cancelled"
"train number 10620","Train 10620 (New Delhi to Jaipur):\n- Scheduled Departure: 15:45:00\n- Current Status: On Time"
"check my pnr status 6234567890","PNR Status for 6234567890:\n- Journey Date: 15-Aug-2024\n- Train: 10601 (New Delhi to Hyderabad)\n- Departure Time: 10:39\n- Seat: S5-23\n- Ticket Status: Cancelled\n- Train Operational Status: Delayed"
"pnr 6234567891","PNR Status for 6234567891:\n- Journey Date: 16-Aug-2024\n- Train: 10602 (Bangalore to Mumbai)\n- Departure Time: 21:19\n- Seat: B2-10\n- Ticket Status: Waiting List\n- Train Operational Status: On Time"
"what's the status for PNR 6234567900?","PNR Status for 6234567900:\n- Journey Date: 25-Aug-2024\n- Train: 10611 (New Delhi to Kolkata)\n- Departure Time: 09:06\n- Seat: S1-02\n- Ticket Status: Cancelled\n- Train Operational Status: Delayed"
"PNR enquiry for 6234567925","PNR Status for 6234567925:\n- Journey Date: 19-Sep-2024\n- Train: 10805 (Lucknow to New Delhi)\n- Departure Time: 22:10\n- Seat: S8-65\n- Ticket Status: RAC\n- Train Operational Status: Delayed"
"my PNR is 6234567934, what's its status?","PNR Status for 6234567934:\n- Journey Date: 21-Aug-2024\n- Train: 10607 (Hyderabad to New Delhi)\n- Departure Time: 14:08\n- Seat: A1-20\n- Ticket Status: RAC\n- Train Operational Status: Delayed"
"get pnr details for 6234567956","PNR Status for 6234567956:\n- Journey Date: 15-Sep-2024\n- Train: 10801 (New Delhi to Bangalore)\n- Departure Time: 15:20\n- Seat: B1-41\n- Ticket Status: Confirmed\n- Train Operational Status: On Time"
"tell me about PNR 6234567970","PNR Status for 6234567970:\n- Journey Date: 21-Sep-2024\n- Train: 10816 (Pune to Mumbai)\n- Departure Time: 10:00\n- Seat: S7-53\n- Ticket Status: Confirmed\n- Train Operational Status: Delayed"
"booking status for pnr 6234568011","PNR Status for 6234568011:\n- Journey Date: 15-Aug-2024\n- Train: 10601 (New Delhi to Hyderabad)\n- Departure Time: 10:39\n- Seat: A1-01\n- Ticket Status: RAC\n- Train Operational Status: Delayed"
"find my pnr 6234567905","PNR Status for 6234567905:\n- Journey Date: 30-Aug-2024\n- Train: 10616 (Jaipur to New Delhi)\n- Departure Time: 03:51\n- Seat: A3-07\n- Ticket Status: Confirmed\n- Train Operational Status: Delayed"
"pnr number 6234567913 status","PNR Status for 6234567913:\n- Journey Date: 07-Sep-2024\n- Train: 10624 (Jaipur to Hyderabad)\n- Departure Time: 07:40\n- Seat: A2-11\n- Ticket Status: RAC\n- Train Operational Status: Delayed"
"find trains from New Delhi to Hyderabad","Trains from New Delhi to Hyderabad:\n- Train 10601: Departs at 10:39, Status: Delayed"
"show me trains between Bangalore and Mumbai","Trains from Bangalore to Mumbai:\n- Train 10602: Departs at 21:19, Status: On Time"
"any trains from Kolkata to Jaipur?","Trains from Kolkata to Jaipur:\n- Train 10603: Departs at 02:33, Status: On Time\n- Train 10839: Departs at 20:50, Status: Delayed"
"I want to go from Pune to Lucknow","Trains from Pune to Lucknow:\n- Train 10604: Departs at 23:03, Status: Cancelled\n- Train 10809: Departs at 16:40, Status: Delayed"
"trains to Chennai from Mumbai","Trains from Mumbai to Chennai:\n- Train 10802: Departs at 08:30, Status: Delayed\n- Train 10646: Departs at 15:55, Status: On Time"
"list trains running from Hyderabad to New Delhi","What is your destination station?"
"search for trains between Jaipur and Chennai","Trains from Jaipur to Chennai:\n- Train 10608: Departs at 12:50, Status: On Time"
"I need a train from Lucknow to Bangalore","Trains from Lucknow to Bangalore:\n- Train 10609: Departs at 19:33, Status: Delayed"
"what are the trains from New Delhi to Kolkata","Trains from New Delhi to Kolkata:\n- Train 10611: Departs at 09:06, Status: Delayed\n- Train 10855: Departs at 20:30, Status: Cancelled"
"are there any trains available from Pune to Mumbai?","Trains from Pune to Mumbai:\n- Train 10800: Departs at 06:11, Status: Cancelled\n- Train 10610: Departs at 06:45, Status: On Time\n- Train 10816: Departs at 10:00, Status: Delayed"
"trains New Delhi Hyderabad","Trains from New Delhi to Hyderabad:\n- Train 10601: Departs at 10:39, Status: Delayed"
"Bangalore to Mumbai trains","And where are you travelling to?"
"what's the fare for train 10601 in Sleeper class?","Fares for train 10601:\n- Sleeper: 850.00"
"fare for AC Third on train 10602","Fares for train 10602:\n- AC Third: 1850.00"
"how much is a General ticket for train 10603?","Fares for train 10603:\n- General: 350.00"
"10800 CC fare","Fares for train 10800:\n- CC: 460.00"
"price for AC Second from New Delhi to Bangalore on train 10801","Fares for train 10801:\n- AC Second: 4200.00"
"ticket cost for 10802 in Sleeper","Fares for train 10802:\n- Sleeper: 820.00"
"train 10804 AC First fare from Jaipur to Hyderabad","Fares for train 10804:\n- AC First: 5300.00"
"what is the fare of AC Second class in train 10805?","Fares for train 10805:\n- AC Second: 850.00"
"how much for Sleeper on train 10606 from Mumbai to Kolkata?","Fares for train 10606:\n- Sleeper: 1100.00"
"fare of train 10608 class AC Third","Fares for train 10608:\n- AC Third: 2800.00"
"show me fare for train 10610 in CC","Fares for train 10610:\n- CC: 450.00"
"cost of Sleeper ticket for 10612","Fares for train 10612:\n- Sleeper: 550.00"
"I want to know the fare for AC Second class for train 10601","Fares for train 10601:\n- AC Second: 3150.75"
"fare for Sleeper on train 10601 between New Delhi and Hyderabad","Fares for train 10601:\n- Sleeper: 850.00"
"find fare from Pune to Mumbai in CC","Sure, what is the train number you're interested in?"
"what's the fare in Sleeper class from New Delhi to Hyderabad","Please provide the train number."
"Sleeper fare for 10601","Fares for train 10601:\n- Sleeper: 850.00"
"AC Third price on 10602","Fares for train 10602:\n- AC Third: 1850.00"
"show my booking history","To show your booking history, I need your User ID. Could you please provide it?"
"what are my bookings?","What is your User ID?"
"my user id is 1, show history","Booking history for Rajesh Kumar (User ID: 1):\n- PNR: 6234567949 (Booked: 08-Sep-2024, Journey: 09-Oct-2024)\n  Train: 10644 (Hyderabad to Bangalore)\n  Seat: None, Status: Cancelled\n- PNR: 6234567900 (Booked: 01-Aug-2024, Journey: 25-Aug-2024)\n  Train: 10611 (New Delhi to Kolkata)\n  Seat: S1-02, Status: Cancelled\n- PNR: 6234567890 (Booked: 15-Jul-2024, Journey: 15-Aug-2024)\n  Train: 10601 (New Delhi to Hyderabad)\n  Seat: S5-23, Status: Cancelled"
"check bookings for user 15","Booking history for Alok Jain (User ID: 15):\n- PNR: 6234567954 (Booked: 13-Sep-2024, Journey: 14-Oct-2024)\n  Train: 10649 (New Delhi to Lucknow)\n  Seat: A1-04, Status: Confirmed\n- PNR: 6234567905 (Booked: 10-Aug-2024, Journey: 30-Aug-2024)\n  Train: 10616 (Jaipur to New Delhi)\n  Seat: A3-07, Status: Confirmed"
"Can you show my past tickets for user ID 22?","Booking history for Shreya Patil (User ID: 22):\n- PNR: 6234567911 (Booked: 10-Aug-2024, Journey: 05-Sep-2024)\n  Train: 10622 (Chennai to Bangalore)\n  Seat: B2-40, Status: Confirmed\n- PNR: 6234568012 (Booked: 21-Jul-2024, Journey: 16-Aug-2024)\n  Train: 10602 (Bangalore to Mumbai)\n  Seat: S1-01, Status: Confirmed"
"list my previous bookings, user 30","Booking history for Priyanka Reddy (User ID: 30):\n- PNR: 6234567988 (Booked: 15-Oct-2024, Journey: 11-Nov-2024)\n  Train: 10836 (Jaipur to Mumbai)\n  Seat: S11-40, Status: Confirmed\n- PNR: 6234567924 (Booked: 28-Aug-2024, Journey: 18-Sep-2024)\n  Train: 10804 (Jaipur to Hyderabad)\n  Seat: A2-04, Status: Confirmed\n- PNR: 6234568017 (Booked: 26-Jul-2024, Journey: 22-Aug-2024)\n  Train: 10608 (Jaipur to Chennai)\n  Seat: S11-23, Status: Confirmed"
"I want to see my ticket history, I am user 45","Booking history for Murali Krishna (User ID: 45):\n- PNR: 6234567936 (Booked: 10-Sep-2024, Journey: 26-Sep-2024)\n  Train: 10631 (Lucknow to Hyderabad)\n  Seat: S3-12, Status: Confirmed\n- PNR: 6234568020 (Booked: 29-Jul-2024, Journey: 25-Aug-2024)\n  Train: 10611 (New Delhi to Kolkata)\n  Seat: B5-12, Status: Confirmed\n- PNR: 6234568015 (Booked: 10-Aug-2024, Journey: 20-Aug-2024)\n  Train: 10606 (Mumbai to Kolkata)\n  Seat: HA1-03, Status: Confirmed"
"get all my booked tickets for user 5","Booking history for Vikram Das (User ID: 5):\n- PNR: 6234567951 (Booked: 10-Sep-2024, Journey: 11-Oct-2024)\n  Train: 10646 (Chennai to Mumbai)\n  Seat: S5-49, Status: Confirmed\n- PNR: 6234567894 (Booked: 25-Jul-2024, Journey: 19-Aug-2024)\n  Train: 10605 (Chennai to Pune)\n  Seat: CC-12, Status: Confirmed"
"show me what I booked, my id is 10","Booking history for Kavita Menon (User ID: 10):\n- PNR: 6234567956 (Booked: 20-Aug-2024, Journey: 15-Sep-2024)\n  Train: 10801 (New Delhi to Bangalore)\n  Seat: B1-41, Status: Confirmed\n- PNR: 6234567899 (Booked: 04-Aug-2024, Journey: 24-Aug-2024)\n  Train: 10610 (Pune to Mumbai)\n  Seat: B3-08, Status: Confirmed"
"fetch booking history for user 1","Booking history for Rajesh Kumar (User ID: 1):\n- PNR: 6234567949 (Booked: 08-Sep-2024, Journey: 09-Oct-2024)\n  Train: 10644 (Hyderabad to Bangalore)\n  Seat: None, Status: Cancelled\n- PNR: 6234567900 (Booked: 01-Aug-2024, Journey: 25-Aug-2024)\n  Train: 10611 (New Delhi to Kolkata)\n  Seat: S1-02, Status: Cancelled\n- PNR: 6234567890 (Booked: 15-Jul-2024, Journey: 15-Aug-2024)\n  Train: 10601 (New Delhi to Hyderabad)\n  Seat: S5-23, Status: Cancelled"
"I want to cancel my ticket","Sure, what is the PNR number of the ticket you wish to cancel?"
"cancel PNR 6234567893","PNR 6234567893 is already cancelled."
"please cancel ticket with PNR 6234567904","PNR 6234567904 is already cancelled."
"ticket cancellation for 6234567920","PNR 6234567920 is already cancelled."
"I need to cancel my booking PNR 6234567923","PNR 6234567923 is already cancelled."
"cancel booking 6234567928","PNR 6234567928 is already cancelled."
"how do I cancel my ticket 6234567931","PNR 6234567931 is already cancelled."
"initiate cancellation for PNR 6234567935","PNR 6234567935 is already cancelled."
"can you cancel 6234567942?","PNR 6234567942 is already cancelled."
"I want to cancel the PNR 6234567949","PNR 6234567949 is already cancelled."
"tell me about New Delhi station","Station: New Delhi Railway Station (NDLS) (Delhi)\n- Details: Major hub, Platforms 1-16, Metro connectivity (Yellow & Airport Line). Food courts, waiting rooms, cloak room available."
"tell me about New Delhi Railway Station","Station: New Delhi Railway Station (NDLS) (Delhi)\n- Details: Major hub, Platforms 1-16, Metro connectivity (Yellow & Airport Line). Food courts, waiting rooms, cloak room available."
"info on HYB station","Station: Hyderabad Deccan Nampally (HYB) (Telangana)\n- Details: Main station in Hyderabad city. Retiring rooms, food plaza, and enquiry counters available."
"what is CSMT?","Station: Chhatrapati Shivaji Maharaj Terminus (CSMT) (Maharashtra)\n- Details: UNESCO World Heritage site, HQ of Central Railway. Has multiple platforms, suburban and long-distance train services."
"details for Jaipur Junction","Station: Jaipur Junction (JP) (Rajasthan)\n- Details: Main station in Jaipur, the Pink City. Well-connected with waiting halls and refreshment facilities."
"station PUNE information","Station: Pune Junction (PUNE) (Maharashtra)\n- Details: Important station connecting Mumbai and Southern India. Offers various passenger amenities including food stalls and waiting areas."
"give me information about SBC station","Station: KSR Bengaluru City Junction (SBC) (Karnataka)\n- Details: Main station in Bengaluru, Metro connectivity (Purple Line). Multiple platforms and passenger services available."
"what facilities are at Howrah Junction?","Station: Howrah Junction (HWH) (West Bengal)\n- Details: Largest railway complex in India, located across the Hooghly River from Kolkata. Extensive facilities including waiting rooms, food courts, and medical aid."
"find station MAS","Station: MGR Chennai Central (MAS) (Tamil Nadu)\n- Details: Main station in Chennai, gateway to South India. Known for its Victorian architecture and numerous platforms."
"details about LKO station","Station: Lucknow Charbagh NR (LKO) (Uttar Pradesh)\n- Details: Known for its beautiful architecture, main station in Lucknow (Northern Railway). Features waiting halls, enquiry counters, and refreshment options."
"station info for NDLS","Station: New Delhi Railway Station (NDLS) (Delhi)\n- Details: Major hub, Platforms 1-16, Metro connectivity (Yellow & Airport Line). Food courts, waiting rooms, cloak room available."
"Kolkata Chitpur station details","Station: Kolkata Chitpur (KOAA) (West Bengal)\n- Details: Terminal station in North Kolkata, handles several long-distance trains. Basic amenities are available."
"Secunderabad Junction","Station: Secunderabad Junction (SC) (Telangana)\n- Details: Major junction serving Hyderabad/Secunderabad twin cities. Well-equipped with passenger facilities."
"what is the New Delhi station like","Station: New Delhi Railway Station (NDLS) (Delhi)\n- Details: It's a major railway hub with 16 platforms, direct Metro connectivity (Yellow Line & Airport Express Line), extensive food courts, multiple waiting rooms, and cloak room facilities for passengers."
"about Mumbai Central","Station: Mumbai Central (MMCT) (Maharashtra)\n- Details: Major terminal for Western Railway trains, serving both long-distance and suburban routes. It has waiting halls, food stalls, and good connectivity."
"info about Bangalore City Jn station","Station: KSR Bengaluru City Junction (SBC) (Karnataka)\n- Details: Main station in Bengaluru, Metro connectivity (Purple Line). Multiple platforms and passenger services available."
"station New Delhi","Station: New Delhi Railway Station (NDLS) (Delhi)\n- Details: Major hub, Platforms 1-16, Metro connectivity (Yellow & Airport Line). Food courts, waiting rooms, cloak room available."
"tell me about anand vihar terminal station","Station: Anand Vihar Terminal (ANVT) (Delhi)\n- Details: Modern terminal serving East Delhi and Ghaziabad, Metro connectivity (Blue Line & Pink Line). It has spacious waiting areas, food courts, and parking facilities."
"info for anand vihar terminal","Station: Anand Vihar Terminal (ANVT) (Delhi)\n- Details: Modern terminal serving East Delhi and Ghaziabad, Metro connectivity (Blue Line & Pink Line). It has spacious waiting areas, food courts, and parking facilities."
"what is anand vihar station","Station: Anand Vihar Terminal (ANVT) (Delhi)\n- Details: Anand Vihar Terminal is a modern railway station in East Delhi, well-connected by Metro (Blue & Pink Lines), and serves as a hub for many east-bound trains. It offers facilities like waiting halls, food plazas, and ample parking."
"Anand Vihar Trm","Station: Anand Vihar Terminal (ANVT) (Delhi)\n- Details: Modern terminal serving East Delhi and Ghaziabad, Metro connectivity (Blue Line & Pink Line). It has spacious waiting areas, food courts, and parking facilities."
"ANVT station details","Station: Anand Vihar Terminal (ANVT) (Delhi)\n- Details: Modern terminal serving East Delhi and Ghaziabad, Metro connectivity (Blue Line & Pink Line). It has spacious waiting areas, food courts, and parking facilities."
"list all trains","Available Trains (Sample):\n- Train 10601: New Delhi to Hyderabad, Dep: 10:39, Status: Delayed\n- Train 10602: Bangalore to Mumbai, Dep: 21:19, Status: On Time\n- Train 10603: Kolkata to Jaipur, Dep: 02:33, Status: On Time\n(Showing first 3 of many trains...)"
"show me every train","Available Trains (Sample):\n- Train 10601: New Delhi to Hyderabad, Dep: 10:39, Status: Delayed\n- Train 10602: Bangalore to Mumbai, Dep: 21:19, Status: On Time\n- Train 10603: Kolkata to Jaipur, Dep: 02:33, Status: On Time\n(Showing first 3 of many trains...)"
"display all train schedules","Available Trains (Sample):\n- Train 10601: New Delhi to Hyderabad, Dep: 10:39, Status: Delayed\n- Train 10602: Bangalore to Mumbai, Dep: 21:19, Status: On Time\n- Train 10603: Kolkata to Jaipur, Dep: 02:33, Status: On Time\n(Showing first 3 of many trains...)"
"get a list of all trains","Available Trains (Sample):\n- Train 10601: New Delhi to Hyderabad, Dep: 10:39, Status: Delayed\n- Train 10602: Bangalore to Mumbai, Dep: 21:19, Status: On Time\n- Train 10603: Kolkata to Jaipur, Dep: 02:33, Status: On Time\n(Showing first 3 of many trains...)"
"give me all train details","Available Trains (Sample):\n- Train 10601: New Delhi to Hyderabad, Dep: 10:39, Status: Delayed\n- Train 10602: Bangalore to Mumbai, Dep: 21:19, Status: On Time\n- Train 10603: Kolkata to Jaipur, Dep: 02:33, Status: On Time\n(Showing first 3 of many trains...)"
"show all user details","User Details (Admin View - Sample):\n- ID: 1, Name: Rajesh Kumar, Email: rajesh@example.com\n- ID: 2, Name: Priya Sharma, Email: priya@example.com\n- ID: 3, Name: Amit Singh, Email: amit@example.com\n(Showing first 3 of many users... Note: Displaying full user details is a security risk.)"
"list every user","User Details (Admin View - Sample):\n- ID: 1, Name: Rajesh Kumar, Email: rajesh@example.com\n- ID: 2, Name: Priya Sharma, Email: priya@example.com\n- ID: 3, Name: Amit Singh, Email: amit@example.com\n(Showing first 3 of many users... Note: Displaying full user details is a security risk.)"
"display all registered users","User Details (Admin View - Sample):\n- ID: 1, Name: Rajesh Kumar, Email: rajesh@example.com\n- ID: 2, Name: Priya Sharma, Email: priya@example.com\n- ID: 3, Name: Amit Singh, Email: amit@example.com\n(Showing first 3 of many users... Note: Displaying full user details is a security risk.)"
"get a list of all users","User Details (Admin View - Sample):\n- ID: 1, Name: Rajesh Kumar, Email: rajesh@example.com\n- ID: 2, Name: Priya Sharma, Email: priya@example.com\n- ID: 3, Name: Amit Singh, Email: amit@example.com\n(Showing first 3 of many users... Note: Displaying full user details is a security risk.)"
"give me all user data","User Details (Admin View - Sample):\n- ID: 1, Name: Rajesh Kumar, Email: rajesh@example.com\n- ID: 2, Name: Priya Sharma, Email: priya@example.com\n- ID: 3, Name: Amit Singh, Email: amit@example.com\n(Showing first 3 of many users... Note: Displaying full user details is a security risk.)"
"show all trains from New Delhi","Trains departing from New Delhi (Sample):\n- Train 10601 to Hyderabad, Dep: 10:39, Status: Delayed\n- Train 10855 to Kolkata, Dep: 20:30, Status: Cancelled\n- Train 10620 to Jaipur, Dep: 15:45, Status: On Time\n(Showing first 3 of many trains from New Delhi...)"
"list trains departing Mumbai","Trains departing from Mumbai (Sample):\n- Train 10802 to Chennai, Dep: 08:30, Status: Delayed\n- Train 10606 to Kolkata, Dep: 19:00, Status: On Time\n- Train 10615 to Bangalore, Dep: 16:56, Status: Cancelled\n(Showing first 3 of many trains from Mumbai...)"
"what trains start from Kolkata?","Trains departing from Kolkata (Sample):\n- Train 10603 to Jaipur, Dep: 02:33, Status: On Time\n- Train 10830 to Bangalore, Dep: 17:00, Status: Cancelled\n- Train 10614 to Lucknow, Dep: 22:50, Status: Delayed\n(Showing first 3 of many trains from Kolkata...)"
"give me all departures from Pune","Trains departing from Pune (Sample):\n- Train 10604 to Lucknow, Dep: 23:03, Status: Cancelled\n- Train 10800 to Mumbai, Dep: 06:11, Status: Cancelled\n- Train 10610 to Mumbai, Dep: 06:45, Status: On Time\n(Showing first 3 of many trains from Pune...)"
"trains originating at Hyderabad","Trains departing from Hyderabad (Sample):\n- Train 10607 to New Delhi, Dep: 14:08, Status: Delayed\n- Train 10612 to Bangalore, Dep: 06:00, Status: On Time\n- Train 10624 to Jaipur, Dep: 07:40, Status: Delayed\n(Showing first 3 of many trains from Hyderabad...)"
"from Bangalore show all trains","Trains departing from Bangalore (Sample):\n- Train 10602 to Mumbai, Dep: 21:19, Status: On Time\n- Train 10801 to New Delhi, Dep: 15:20, Status: On Time\n- Train 10609 to Lucknow, Dep: 19:33, Status: Delayed\n(Showing first 3 of many trains from Bangalore...)"
"8","PNR numbers are typically 10 digits long. Could you please provide the full PNR number?"
"my user id is 15","Booking history for Alok Jain (User ID: 15):\n- PNR: 6234567954 (Booked: 13-Sep-2024, Journey: 14-Oct-2024)\n  Train: 10649 (New Delhi to Lucknow)\n  Seat: A1-04, Status: Confirmed\n- PNR: 6234567905 (Booked: 10-Aug-2024, Journey: 30-Aug-2024)\n  Train: 10616 (Jaipur to New Delhi)\n  Seat: A3-07, Status: Confirmed"
"it is 1","Booking history for Rajesh Kumar (User ID: 1):\n- PNR: 6234567949 (Booked: 08-Sep-2024, Journey: 09-Oct-2024)\n  Train: 10644 (Hyderabad to Bangalore)\n  Seat: None, Status: Cancelled\n- PNR: 6234567900 (Booked: 01-Aug-2024, Journey: 25-Aug-2024)\n  Train: 10611 (New Delhi to Kolkata)\n  Seat: S1-02, Status: Cancelled\n- PNR: 6234567890 (Booked: 15-Jul-2024, Journey: 15-Aug-2024)\n  Train: 10601 (New Delhi to Hyderabad)\n  Seat: S5-23, Status: Cancelled"
"user id 22","Booking history for Shreya Patil (User ID: 22):\n- PNR: 6234567911 (Booked: 10-Aug-2024, Journey: 05-Sep-2024)\n  Train: 10622 (Chennai to Bangalore)\n  Seat: B2-40, Status: Confirmed\n- PNR: 6234568012 (Booked: 21-Jul-2024, Journey: 16-Aug-2024)\n  Train: 10602 (Bangalore to Mumbai)\n  Seat: S1-01, Status: Confirmed"
"the id is 30","Booking history for Priyanka Reddy (User ID: 30):\n- PNR: 6234567988 (Booked: 15-Oct-2024, Journey: 11-Nov-2024)\n  Train: 10836 (Jaipur to Mumbai)\n  Seat: S11-40, Status: Confirmed\n- PNR: 6234567924 (Booked: 28-Aug-2024, Journey: 18-Sep-2024)\n  Train: 10804 (Jaipur to Hyderabad)\n  Seat: A2-04, Status: Confirmed\n- PNR: 6234568017 (Booked: 26-Jul-2024, Journey: 22-Aug-2024)\n  Train: 10608 (Jaipur to Chennai)\n  Seat: S11-23, Status: Confirmed"
"45 is my id","Booking history for Murali Krishna (User ID: 45):\n- PNR: 6234567936 (Booked: 10-Sep-2024, Journey: 26-Sep-2024)\n  Train: 10631 (Lucknow to Hyderabad)\n  Seat: S3-12, Status: Confirmed\n- PNR: 6234568020 (Booked: 29-Jul-2024, Journey: 25-Aug-2024)\n  Train: 10611 (New Delhi to Kolkata)\n  Seat: B5-12, Status: Confirmed\n- PNR: 6234568015 (Booked: 10-Aug-2024, Journey: 20-Aug-2024)\n  Train: 10606 (Mumbai to Kolkata)\n  Seat: HA1-03, Status: Confirmed"
"5 please","Booking history for Vikram Das (User ID: 5):\n- PNR: 6234567951 (Booked: 10-Sep-2024, Journey: 11-Oct-2024)\n  Train: 10646 (Chennai to Mumbai)\n  Seat: S5-49, Status: Confirmed\n- PNR: 6234567894 (Booked: 25-Jul-2024, Journey: 19-Aug-2024)\n  Train: 10605 (Chennai to Pune)\n  Seat: CC-12, Status: Confirmed"
"just 10","Booking history for Kavita Menon (User ID: 10):\n- PNR: 6234567956 (Booked: 20-Aug-2024, Journey: 15-Sep-2024)\n  Train: 10801 (New Delhi to Bangalore)\n  Seat: B1-41, Status: Confirmed\n- PNR: 6234567899 (Booked: 04-Aug-2024, Journey: 24-Aug-2024)\n  Train: 10610 (Pune to Mumbai)\n  Seat: B3-08, Status: Confirmed"
"it's 7","PNR numbers are typically 10 digits long, and User IDs might also be longer. Could you please clarify what '7' refers to and provide the full number if it's a PNR or User ID?"
"the user id is 12","Booking history for Meera Desai (User ID: 12):\n- PNR: 6234567953 (Booked: 12-Sep-2024, Journey: 13-Oct-2024)\n  Train: 10648 (Jaipur to Bangalore)\n  Seat: S7-27, Status: Waiting List\n- PNR: 6234567902 (Booked: 06-Aug-2024, Journey: 27-Aug-2024)\n  Train: 10613 (Chennai to Jaipur)\n  Seat: S7-50, Status: Waiting List"
"6234567893","PNR Status for 6234567893:\n- Journey Date: 18-Aug-2024\n- Train: 10604 (Pune to Lucknow)\n- Departure Time: 23:03\n- Seat: None\n- Ticket Status: Cancelled\n- Train Operational Status: Cancelled"
"the pnr is 6234567904","PNR Status for 6234567904:\n- Journey Date: 29-Aug-2024\n- Train: 10615 (Mumbai to Bangalore)\n- Departure Time: 16:56\n- Seat: None\n- Ticket Status: Cancelled\n- Train Operational Status: Cancelled"
"it's 6234567920","PNR Status for 6234567920:\n- Journey Date: 10-Sep-2024\n- Train: 10830 (Kolkata to Bangalore)\n- Departure Time: 17:00\n- Seat: None\n- Ticket Status: Cancelled\n- Train Operational Status: Cancelled"
"PNR number 6234567923","PNR Status for 6234567923:\n- Journey Date: 17-Sep-2024\n- Train: 10803 (Kolkata to Pune)\n- Departure Time: 12:45\n- Seat: None\n- Ticket Status: Cancelled\n- Train Operational Status: Cancelled"
"my pnr for cancellation is 6234567928","PNR 6234567928 is already cancelled."
"6234567931 please","PNR Status for 6234567931:\n- Journey Date: 20-Aug-2024\n- Train: 10620 (New Delhi to Jaipur)\n- Departure Time: 15:45\n- Seat: S4-33\n- Ticket Status: Confirmed\n- Train Operational Status: On Time"
"just 6234567935","PNR Status for 6234567935:\n- Journey Date: 22-Aug-2024\n- Train: 10809 (Pune to Lucknow)\n- Departure Time: 16:40\n- Seat: B3-12\n- Ticket Status: RAC\n- Train Operational Status: Delayed"
"New Delhi","Okay, New Delhi. Are you looking for trains departing from or arriving at New Delhi, or do you need information about the New Delhi railway station?"
"NDLS","Station: New Delhi Railway Station (NDLS) (Delhi)\n- Details: Major hub, Platforms 1-16, Metro connectivity (Yellow & Airport Line). Food courts, waiting rooms, cloak room available."
"the station is Jaipur Junction","Station: Jaipur Junction (JP) (Rajasthan)\n- Details: Main station in Jaipur, the Pink City. Well-connected with waiting halls and refreshment facilities."
"it is HYB","Station: Hyderabad Deccan Nampally (HYB) (Telangana)\n- Details: Main station in Hyderabad city. Retiring rooms, food plaza, and enquiry counters available."
"Anand Vihar Terminal","Station: Anand Vihar Terminal (ANVT) (Delhi)\n- Details: Modern terminal serving East Delhi and Ghaziabad, Metro connectivity (Blue Line & Pink Line). It has spacious waiting areas, food courts, and parking facilities."
"ANVT","Station: Anand Vihar Terminal (ANVT) (Delhi)\n- Details: Modern terminal serving East Delhi and Ghaziabad, Metro connectivity (Blue Line & Pink Line). It has spacious waiting areas, food courts, and parking facilities."
"Mumbai Central please","Station: Mumbai Central (MMCT) (Maharashtra)\n- Details: Major terminal for Western Railway trains, serving both long-distance and suburban routes. It has waiting halls, food stalls, and good connectivity."
"for Kolkata Chitpur","Station: Kolkata Chitpur (KOAA) (West Bengal)\n- Details: Terminal station in North Kolkata, handles several long-distance trains. Basic amenities are available."
"10601","Train 10601 (New Delhi to Hyderabad):\n- Scheduled Departure: 10:39:00\n- Current Status: Delayed"
"train number is 10602","Train 10602 (Bangalore to Mumbai):\n- Scheduled Departure: 21:19:00\n- Current Status: On Time"
"it's 10805","Train 10805 (Lucknow to New Delhi):\n- Scheduled Departure: 22:10:45\n- Current Status: Delayed"
"the train is 10607","Train 10607 (Hyderabad to New Delhi):\n- Scheduled Departure: 14:08:00\n- Current Status: Delayed"
"6234567890","PNR Status for 6234567890:\n- Journey Date: 15-Aug-2024\n- Train: 10601 (New Delhi to Hyderabad)\n- Departure Time: 10:39\n- Seat: S5-23\n- Ticket Status: Cancelled\n- Train Operational Status: Delayed"
"pnr 6234567891","PNR Status for 6234567891:\n- Journey Date: 16-Aug-2024\n- Train: 10602 (Bangalore to Mumbai)\n- Departure Time: 21:19\n- Seat: B2-10\n- Ticket Status: Waiting List\n- Train Operational Status: On Time"
"it's 6234567900","PNR Status for 6234567900:\n- Journey Date: 25-Aug-2024\n- Train: 10611 (New Delhi to Kolkata)\n- Departure Time: 09:06\n- Seat: S1-02\n- Ticket Status: Cancelled\n- Train Operational Status: Delayed"
"from New Delhi","Okay, departing from New Delhi. What is your destination?"
"Mumbai","Understood, Mumbai. Is this your departure station or arrival station? Please also provide the other station for your journey."
"departing from Kolkata","Departing from Kolkata. And where are you travelling to?"
"to Hyderabad","Travelling to Hyderabad. Which city or station are you departing from?"
"Chennai","Okay, Chennai. Is this your departure or arrival station? Please provide the other station too."
"arriving at Jaipur","Arriving at Jaipur. Please tell me the source station."
"Sleeper class","Okay, Sleeper class. For which train number and route are you asking the fare?"
"AC Third","AC Third class. Please provide the train number and route for the fare information."
"for General","General class. Could you give me the train number and route for the fare?"
